date_key,month,day,year,full_date
20210226,2,26,2021,2021-02-26
20210909,9,9,2021,2021-09-09
20200414,4,14,2020,2020-04-14
20201001,10,1,2020,2020-10-01
20200520,5,20,2020,2020-05-20
20190817,8,17,2019,2019-08-17
20180518,5,18,2018,2018-05-18
20211209,12,9,2021,2021-12-09
20180313,3,13,2018,2018-03-13
20220408,4,8,2022,2022-04-08
20190922,9,22,2019,2019-09-22
20200715,7,15,2020,2020-07-15
20211227,12,27,2021,2021-12-27
20200509,5,9,2020,2020-05-09
20191012,10,12,2019,2019-10-12
20181018,10,18,2018,2018-10-18
20200325,3,25,2020,2020-03-25
20210523,5,23,2021,2021-05-23
20180502,5,2,2018,2018-05-02
20210413,4,13,2021,2021-04-13
20190321,3,21,2019,2019-03-21
20200712,7,12,2020,2020-07-12
20210109,1,9,2021,2021-01-09
20210727,7,27,2021,2021-07-27
20191118,11,18,2019,2019-11-18
20180425,4,25,2018,2018-04-25
20200126,1,26,2020,2020-01-26
20211204,12,4,2021,2021-12-04
20220105,1,5,2022,2022-01-05
20201128,11,28,2020,2020-11-28
20190525,5,25,2019,2019-05-25
20180921,9,21,2018,2018-09-21
20180304,3,4,2018,2018-03-04
20210819,8,19,2021,2021-08-19
20180821,8,21,2018,2018-08-21
20200624,6,24,2020,2020-06-24
20190107,1,7,2019,2019-01-07
20220126,1,26,2022,2022-01-26
20191216,12,16,2019,2019-12-16
20220325,3,25,2022,2022-03-25
20181004,10,4,2018,2018-10-04
20191202,12,2,2019,2019-12-02
20200910,9,10,2020,2020-09-10
20210307,3,7,2021,2021-03-07
20210705,7,5,2021,2021-07-05
20210409,4,9,2021,2021-04-09
20190426,4,26,2019,2019-04-26
20201224,12,24,2020,2020-12-24
20210328,3,28,2021,2021-03-28
20200923,9,23,2020,2020-09-23
20180305,3,5,2018,2018-03-05
20210626,6,26,2021,2021-06-26
20220227,2,27,2022,2022-02-27
20220326,3,26,2022,2022-03-26
20181026,10,26,2018,2018-10-26
20210906,9,6,2021,2021-09-06
20211001,10,1,2021,2021-10-01
20180611,6,11,2018,2018-06-11
20210101,1,1,2021,2021-01-01
20190604,6,4,2019,2019-06-04
20180828,8,28,2018,2018-08-28
20180430,4,30,2018,2018-04-30
20220113,1,13,2022,2022-01-13
20210124,1,24,2021,2021-01-24
20180525,5,25,2018,2018-05-25
20210718,7,18,2021,2021-07-18
20220411,4,11,2022,2022-04-11
20211014,10,14,2021,2021-10-14
20180908,9,8,2018,2018-09-08
20200102,1,2,2020,2020-01-02
20191220,12,20,2019,2019-12-20
20210711,7,11,2021,2021-07-11
20180717,7,17,2018,2018-07-17
20210721,7,21,2021,2021-07-21
20201109,11,9,2020,2020-11-09
20180809,8,9,2018,2018-08-09
20200106,1,6,2020,2020-01-06
20190306,3,6,2019,2019-03-06
20191214,12,14,2019,2019-12-14
20191210,12,10,2019,2019-12-10
20180901,9,1,2018,2018-09-01
20181023,10,23,2018,2018-10-23
20201018,10,18,2020,2020-10-18
20211202,12,2,2021,2021-12-02
20210627,6,27,2021,2021-06-27
20201123,11,23,2020,2020-11-23
20220617,6,17,2022,2022-06-17
20211105,11,5,2021,2021-11-05
20201102,11,2,2020,2020-11-02
20191125,11,25,2019,2019-11-25
20180107,1,7,2018,2018-01-07
20180427,4,27,2018,2018-04-27
20180321,3,21,2018,2018-03-21
20181006,10,6,2018,2018-10-06
20210218,2,18,2021,2021-02-18
20210127,1,27,2021,2021-01-27
20190217,2,17,2019,2019-02-17
20200403,4,3,2020,2020-04-03
20180718,7,18,2018,2018-07-18
20190214,2,14,2019,2019-02-14
20200815,8,15,2020,2020-08-15
20181206,12,6,2018,2018-12-06
20220211,2,11,2022,2022-02-11
20181211,12,11,2018,2018-12-11
20200611,6,11,2020,2020-06-11
20220208,2,8,2022,2022-02-08
20211214,12,14,2021,2021-12-14
20211123,11,23,2021,2021-11-23
20210430,4,30,2021,2021-04-30
20181219,12,19,2018,2018-12-19
20181001,10,1,2018,2018-10-01
20190618,6,18,2019,2019-06-18
20180119,1,19,2018,2018-01-19
20201103,11,3,2020,2020-11-03
20180903,9,3,2018,2018-09-03
20190430,4,30,2019,2019-04-30
20180208,2,8,2018,2018-02-08
20180808,8,8,2018,2018-08-08
20200523,5,23,2020,2020-05-23
20201207,12,7,2020,2020-12-07
20181106,11,6,2018,2018-11-06
20210112,1,12,2021,2021-01-12
20190221,2,21,2019,2019-02-21
20220217,2,17,2022,2022-02-17
20200620,6,20,2020,2020-06-20
20210822,8,22,2021,2021-08-22
20190203,2,3,2019,2019-02-03
20210828,8,28,2021,2021-08-28
20180727,7,27,2018,2018-07-27
20190103,1,3,2019,2019-01-03
20180221,2,21,2018,2018-02-21
20190322,3,22,2019,2019-03-22
20180519,5,19,2018,2018-05-19
20180326,3,26,2018,2018-03-26
20180402,4,2,2018,2018-04-02
20190126,1,26,2019,2019-01-26
20220620,6,20,2022,2022-06-20
20181223,12,23,2018,2018-12-23
20200522,5,22,2020,2020-05-22
20190723,7,23,2019,2019-07-23
20191226,12,26,2019,2019-12-26
20210427,4,27,2021,2021-04-27
20181227,12,27,2018,2018-12-27
20200814,8,14,2020,2020-08-14
20190227,2,27,2019,2019-02-27
20210221,2,21,2021,2021-02-21
20210213,2,13,2021,2021-02-13
20190315,3,15,2019,2019-03-15
20220409,4,9,2022,2022-04-09
20220626,6,26,2022,2022-06-26
20200207,2,7,2020,2020-02-07
20180309,3,9,2018,2018-03-09
20190812,8,12,2019,2019-08-12
20220323,3,23,2022,2022-03-23
20181130,11,30,2018,2018-11-30
20200425,4,25,2020,2020-04-25
20180731,7,31,2018,2018-07-31
20201225,12,25,2020,2020-12-25
20200510,5,10,2020,2020-05-10
20201214,12,14,2020,2020-12-14
20220101,1,1,2022,2022-01-01
20180604,6,4,2018,2018-06-04
20190605,6,5,2019,2019-06-05
20220320,3,20,2022,2022-03-20
20180125,1,25,2018,2018-01-25
20201021,10,21,2020,2020-10-21
20181215,12,15,2018,2018-12-15
20220517,5,17,2022,2022-05-17
20190919,9,19,2019,2019-09-19
20180713,7,13,2018,2018-07-13
20211127,11,27,2021,2021-11-27
20220607,6,7,2022,2022-06-07
20220428,4,28,2022,2022-04-28
20220621,6,21,2022,2022-06-21
20190402,4,2,2019,2019-04-02
20190418,4,18,2019,2019-04-18
20210923,9,23,2021,2021-09-23
20210301,3,1,2021,2021-03-01
20200322,3,22,2020,2020-03-22
20200312,3,12,2020,2020-03-12
20190216,2,16,2019,2019-02-16
20220329,3,29,2022,2022-03-29
20220331,3,31,2022,2022-03-31
20190403,4,3,2019,2019-04-03
20191104,11,4,2019,2019-11-04
20190303,3,3,2019,2019-03-03
20191230,12,30,2019,2019-12-30
20200515,5,15,2020,2020-05-15
20200626,6,26,2020,2020-06-26
20201026,10,26,2020,2020-10-26
20210530,5,30,2021,2021-05-30
20190818,8,18,2019,2019-08-18
20200420,4,20,2020,2020-04-20
20191116,11,16,2019,2019-11-16
20220215,2,15,2022,2022-02-15
20190721,7,21,2019,2019-07-21
20181226,12,26,2018,2018-12-26
20190427,4,27,2019,2019-04-27
20180925,9,25,2018,2018-09-25
20201126,11,26,2020,2020-11-26
20211104,11,4,2021,2021-11-04
20181119,11,19,2018,2018-11-19
20180607,6,7,2018,2018-06-07
20200127,1,27,2020,2020-01-27
20210119,1,19,2021,2021-01-19
20201130,11,30,2020,2020-11-30
20190325,3,25,2019,2019-03-25
20190211,2,11,2019,2019-02-11
20180805,8,5,2018,2018-08-05
20220510,5,10,2022,2022-05-10
20210730,7,30,2021,2021-07-30
20200418,4,18,2020,2020-04-18
20200729,7,29,2020,2020-07-29
20200111,1,11,2020,2020-01-11
20180522,5,22,2018,2018-05-22
20220630,6,30,2022,2022-06-30
20180923,9,23,2018,2018-09-23
20210531,5,31,2021,2021-05-31
20201110,11,10,2020,2020-11-10
20200410,4,10,2020,2020-04-10
20211109,11,9,2021,2021-11-09
20220505,5,5,2022,2022-05-05
20190626,6,26,2019,2019-06-26
20180526,5,26,2018,2018-05-26
20191110,11,10,2019,2019-11-10
20201119,11,19,2020,2020-11-19
20211111,11,11,2021,2021-11-11
20200424,4,24,2020,2020-04-24
20210902,9,2,2021,2021-09-02
20220504,5,4,2022,2022-05-04
20220316,3,16,2022,2022-03-16
20191130,11,30,2019,2019-11-30
20210615,6,15,2021,2021-06-15
20210529,5,29,2021,2021-05-29
20180919,9,19,2018,2018-09-19
20220606,6,6,2022,2022-06-06
20220614,6,14,2022,2022-06-14
20201003,10,3,2020,2020-10-03
20220311,3,11,2022,2022-03-11
20201210,12,10,2020,2020-12-10
20180917,9,17,2018,2018-09-17
20190822,8,22,2019,2019-08-22
20200906,9,6,2020,2020-09-06
20210418,4,18,2021,2021-04-18
20180922,9,22,2018,2018-09-22
20180924,9,24,2018,2018-09-24
20191217,12,17,2019,2019-12-17
20181204,12,4,2018,2018-12-04
20220222,2,22,2022,2022-02-22
20181127,11,27,2018,2018-11-27
20200108,1,8,2020,2020-01-08
20180315,3,15,2018,2018-03-15
20191229,12,29,2019,2019-12-29
20180228,2,28,2018,2018-02-28
20180711,7,11,2018,2018-07-11
20190918,9,18,2019,2019-09-18
20220308,3,8,2022,2022-03-08
20220417,4,17,2022,2022-04-17
20180310,3,10,2018,2018-03-10
20200914,9,14,2020,2020-09-14
20200516,5,16,2020,2020-05-16
20200827,8,27,2020,2020-08-27
20210517,5,17,2021,2021-05-17
20200614,6,14,2020,2020-06-14
20180101,1,1,2018,2018-01-01
20201025,10,25,2020,2020-10-25
20220209,2,9,2022,2022-02-09
20200406,4,6,2020,2020-04-06
20200604,6,4,2020,2020-06-04
20220622,6,22,2022,2022-06-22
20211203,12,3,2021,2021-12-03
20200911,9,11,2020,2020-09-11
20180813,8,13,2018,2018-08-13
20180524,5,24,2018,2018-05-24
20200125,1,25,2020,2020-01-25
20201020,10,20,2020,2020-10-20
20190513,5,13,2019,2019-05-13
20190411,4,11,2019,2019-04-11
20190522,5,22,2019,2019-05-22
20200331,3,31,2020,2020-03-31
20210308,3,8,2021,2021-03-08
20180728,7,28,2018,2018-07-28
20210820,8,20,2021,2021-08-20
20220402,4,2,2022,2022-04-02
20211101,11,1,2021,2021-11-01
20200103,1,3,2020,2020-01-03
20180328,3,28,2018,2018-03-28
20201027,10,27,2020,2020-10-27
20180311,3,11,2018,2018-03-11
20220703,7,3,2022,2022-07-03
20191213,12,13,2019,2019-12-13
20180912,9,12,2018,2018-09-12
20201221,12,21,2020,2020-12-21
20181220,12,20,2018,2018-12-20
20200601,6,1,2020,2020-06-01
20181208,12,8,2018,2018-12-08
20181002,10,2,2018,2018-10-02
20181121,11,21,2018,2018-11-21
20211118,11,18,2021,2021-11-18
20190404,4,4,2019,2019-04-04
20200203,2,3,2020,2020-02-03
20180303,3,3,2018,2018-03-03
20180531,5,31,2018,2018-05-31
20200101,1,1,2020,2020-01-01
20190714,7,14,2019,2019-07-14
20200627,6,27,2020,2020-06-27
20200630,6,30,2020,2020-06-30
20190710,7,10,2019,2019-07-10
20181118,11,18,2018,2018-11-18
20190517,5,17,2019,2019-05-17
20180207,2,7,2018,2018-02-07
20190705,7,5,2019,2019-07-05
20210813,8,13,2021,2021-08-13
20211225,12,25,2021,2021-12-25
20210203,2,3,2021,2021-02-03
20200526,5,26,2020,2020-05-26
20180513,5,13,2018,2018-05-13
20191222,12,22,2019,2019-12-22
20220204,2,4,2022,2022-02-04
20181221,12,21,2018,2018-12-21
20181113,11,13,2018,2018-11-13
20220511,5,11,2022,2022-05-11
20181207,12,7,2018,2018-12-07
20200907,9,7,2020,2020-09-07
20180411,4,11,2018,2018-04-11
20210515,5,15,2021,2021-05-15
20190405,4,5,2019,2019-04-05
20180618,6,18,2018,2018-06-18
20200324,3,24,2020,2020-03-24
20200502,5,2,2020,2020-05-02
20181210,12,10,2018,2018-12-10
20180723,7,23,2018,2018-07-23
20200705,7,5,2020,2020-07-05
20200423,4,23,2020,2020-04-23
20201116,11,16,2020,2020-11-16
20211005,10,5,2021,2021-10-05
20201226,12,26,2020,2020-12-26
20180302,3,2,2018,2018-03-02
20181107,11,7,2018,2018-11-07
20220526,5,26,2022,2022-05-26
20191123,11,23,2019,2019-11-23
20211116,11,16,2021,2021-11-16
20180722,7,22,2018,2018-07-22
20211124,11,24,2021,2021-11-24
20191105,11,5,2019,2019-11-05
20181005,10,5,2018,2018-10-05
20190708,7,8,2019,2019-07-08
20200412,4,12,2020,2020-04-12
20180118,1,18,2018,2018-01-18
20180417,4,17,2018,2018-04-17
20200129,1,29,2020,2020-01-29
20190318,3,18,2019,2019-03-18
20200707,7,7,2020,2020-07-07
20211223,12,23,2021,2021-12-23
20210303,3,3,2021,2021-03-03
20180824,8,24,2018,2018-08-24
20220403,4,3,2022,2022-04-03
20181205,12,5,2018,2018-12-05
20190323,3,23,2019,2019-03-23
20220508,5,8,2022,2022-05-08
20220701,7,1,2022,2022-07-01
20210319,3,19,2021,2021-03-19
20210324,3,24,2021,2021-03-24
20201106,11,6,2020,2020-11-06
20210728,7,28,2021,2021-07-28
20201011,10,11,2020,2020-10-11
20210522,5,22,2021,2021-05-22
20210802,8,2,2021,2021-08-02
20220625,6,25,2022,2022-06-25
20180816,8,16,2018,2018-08-16
20200830,8,30,2020,2020-08-30
20220123,1,23,2022,2022-01-23
20220203,2,3,2022,2022-02-03
20210320,3,20,2021,2021-03-20
20180412,4,12,2018,2018-04-12
20200226,2,26,2020,2020-02-26
20200305,3,5,2020,2020-03-05
20200211,2,11,2020,2020-02-11
20200805,8,5,2020,2020-08-05
20180702,7,2,2018,2018-07-02
20210322,3,22,2021,2021-03-22
20200821,8,21,2020,2020-08-21
20201206,12,6,2020,2020-12-06
20210424,4,24,2021,2021-04-24
20210917,9,17,2021,2021-09-17
20190326,3,26,2019,2019-03-26
20200113,1,13,2020,2020-01-13
20180608,6,8,2018,2018-06-08
20210724,7,24,2021,2021-07-24
20201213,12,13,2020,2020-12-13
20211216,12,16,2021,2021-12-16
20190124,1,24,2019,2019-01-24
20201202,12,2,2020,2020-12-02
20201008,10,8,2020,2020-10-08
20180615,6,15,2018,2018-06-15
20210609,6,9,2021,2021-06-09
20210625,6,25,2021,2021-06-25
20180714,7,14,2018,2018-07-14
20190204,2,4,2019,2019-02-04
20210420,4,20,2021,2021-04-20
20190606,6,6,2019,2019-06-06
20210703,7,3,2021,2021-07-03
20180909,9,9,2018,2018-09-09
20220531,5,31,2022,2022-05-31
20191016,10,16,2019,2019-10-16
20211120,11,20,2021,2021-11-20
20200913,9,13,2020,2020-09-13
20220628,6,28,2022,2022-06-28
20200205,2,5,2020,2020-02-05
20180106,1,6,2018,2018-01-06
20190514,5,14,2019,2019-05-14
20190528,5,28,2019,2019-05-28
20201002,10,2,2020,2020-10-02
20190316,3,16,2019,2019-03-16
20200118,1,18,2020,2020-01-18
20201118,11,18,2020,2020-11-18
20180403,4,3,2018,2018-04-03
20210223,2,23,2021,2021-02-23
20210209,2,9,2021,2021-02-09
20210807,8,7,2021,2021-08-07
20190417,4,17,2019,2019-04-17
20220306,3,6,2022,2022-03-06
20200202,2,2,2020,2020-02-02
20210913,9,13,2021,2021-09-13
20180505,5,5,2018,2018-05-05
20200824,8,24,2020,2020-08-24
20211015,10,15,2021,2021-10-15
20220618,6,18,2022,2022-06-18
20190720,7,20,2019,2019-07-20
20210414,4,14,2021,2021-04-14
20210825,8,25,2021,2021-08-25
20180113,1,13,2018,2018-01-13
20220106,1,6,2022,2022-01-06
20220519,5,19,2022,2022-05-19
20190910,9,10,2019,2019-09-10
20181122,11,22,2018,2018-11-22
20220102,1,2,2022,2022-01-02
20220109,1,9,2022,2022-01-09
20180920,9,20,2018,2018-09-20
20211228,12,28,2021,2021-12-28
20191121,11,21,2019,2019-11-21
20211018,10,18,2021,2021-10-18
20190904,9,4,2019,2019-09-04
20190706,7,6,2019,2019-07-06
20180515,5,15,2018,2018-05-15
20200710,7,10,2020,2020-07-10
20220515,5,15,2022,2022-05-15
20190111,1,11,2019,2019-01-11
20190628,6,28,2019,2019-06-28
20191208,12,8,2019,2019-12-08
20181014,10,14,2018,2018-10-14
20190717,7,17,2019,2019-07-17
20220501,5,1,2022,2022-05-01
20210803,8,3,2021,2021-08-03
20200308,3,8,2020,2020-03-08
20211231,12,31,2021,2021-12-31
20211028,10,28,2021,2021-10-28
20220527,5,27,2022,2022-05-27
20210804,8,4,2021,2021-08-04
20191221,12,21,2019,2019-12-21
20210612,6,12,2021,2021-06-12
20200810,8,10,2020,2020-08-10
20190915,9,15,2019,2019-09-15
20190602,6,2,2019,2019-06-02
20190202,2,2,2019,2019-02-02
20220521,5,21,2022,2022-05-21
20200703,7,3,2020,2020-07-03
20180628,6,28,2018,2018-06-28
20201211,12,11,2020,2020-12-11
20220422,4,22,2022,2022-04-22
20220103,1,3,2022,2022-01-03
20220317,3,17,2022,2022-03-17
20210713,7,13,2021,2021-07-13
20200514,5,14,2020,2020-05-14
20200416,4,16,2020,2020-04-16
20180126,1,26,2018,2018-01-26
20210614,6,14,2021,2021-06-14
20200930,9,30,2020,2020-09-30
20210519,5,19,2021,2021-05-19
20210510,5,10,2021,2021-05-10
20200702,7,2,2020,2020-07-02
20200825,8,25,2020,2020-08-25
20200209,2,9,2020,2020-02-09
20200817,8,17,2020,2020-08-17
20200709,7,9,2020,2020-07-09
20210215,2,15,2021,2021-02-15
20200216,2,16,2020,2020-02-16
20190131,1,31,2019,2019-01-31
20180612,6,12,2018,2018-06-12
20190115,1,15,2019,2019-01-15
20190305,3,5,2019,2019-03-05
20200327,3,27,2020,2020-03-27
20181114,11,14,2018,2018-11-14
20190113,1,13,2019,2019-01-13
20190420,4,20,2019,2019-04-20
20210220,2,20,2021,2021-02-20
20210224,2,24,2021,2021-02-24
20180625,6,25,2018,2018-06-25
20220513,5,13,2022,2022-05-13
20200612,6,12,2020,2020-06-12
20200621,6,21,2020,2020-06-21
20181209,12,9,2018,2018-12-09
20210817,8,17,2021,2021-08-17
20180508,5,8,2018,2018-05-08
20211029,10,29,2021,2021-10-29
20210905,9,5,2021,2021-09-05
20181218,12,18,2018,2018-12-18
20210107,1,7,2021,2021-01-07
20201212,12,12,2020,2020-12-12
20191002,10,2,2019,2019-10-02
20180704,7,4,2018,2018-07-04
20211217,12,17,2021,2021-12-17
20190707,7,7,2019,2019-07-07
20210514,5,14,2021,2021-05-14
20190510,5,10,2019,2019-05-10
20210228,2,28,2021,2021-02-28
20200625,6,25,2020,2020-06-25
20210225,2,25,2021,2021-02-25
20210903,9,3,2021,2021-09-03
20180206,2,6,2018,2018-02-06
20180825,8,25,2018,2018-08-25
20191028,10,28,2019,2019-10-28
20191124,11,24,2019,2019-11-24
20191207,12,7,2019,2019-12-07
20220112,1,12,2022,2022-01-12
20200816,8,16,2020,2020-08-16
20190902,9,2,2019,2019-09-02
20200722,7,22,2020,2020-07-22
20211212,12,12,2021,2021-12-12
20180601,6,1,2018,2018-06-01
20190803,8,3,2019,2019-08-03
20200915,9,15,2020,2020-09-15
20181217,12,17,2018,2018-12-17
20181216,12,16,2018,2018-12-16
20181101,11,1,2018,2018-11-01
20211125,11,25,2021,2021-11-25
20211222,12,22,2021,2021-12-22
20210830,8,30,2021,2021-08-30
20190703,7,3,2019,2019-07-03
20191021,10,21,2019,2019-10-21
20211107,11,7,2021,2021-11-07
20190611,6,11,2019,2019-06-11
20180624,6,24,2018,2018-06-24
20211007,10,7,2021,2021-10-07
20191015,10,15,2019,2019-10-15
20200223,2,23,2020,2020-02-23
20190715,7,15,2019,2019-07-15
20211230,12,30,2021,2021-12-30
20200828,8,28,2020,2020-08-28
20191005,10,5,2019,2019-10-05
20190507,5,7,2019,2019-05-07
20180804,8,4,2018,2018-08-04
20210205,2,5,2021,2021-02-05
20210826,8,26,2021,2021-08-26
20210216,2,16,2021,2021-02-16
20180606,6,6,2018,2018-06-06
20210315,3,15,2021,2021-03-15
20180216,2,16,2018,2018-02-16
20210116,1,16,2021,2021-01-16
20180218,2,18,2018,2018-02-18
20210302,3,2,2021,2021-03-02
20210907,9,7,2021,2021-09-07
20190718,7,18,2019,2019-07-18
20210512,5,12,2021,2021-05-12
20200201,2,1,2020,2020-02-01
20210706,7,6,2021,2021-07-06
20190920,9,20,2019,2019-09-20
20220410,4,10,2022,2022-04-10
20180829,8,29,2018,2018-08-29
20190808,8,8,2019,2019-08-08
20190811,8,11,2019,2019-08-11
20190728,7,28,2019,2019-07-28
20200222,2,22,2020,2020-02-22
20210503,5,3,2021,2021-05-03
20191218,12,18,2019,2019-12-18
20200307,3,7,2020,2020-03-07
20200528,5,28,2020,2020-05-28
20190907,9,7,2019,2019-09-07
20180823,8,23,2018,2018-08-23
20180815,8,15,2018,2018-08-15
20190329,3,29,2019,2019-03-29
20200225,2,25,2020,2020-02-25
20180104,1,4,2018,2018-01-04
20220603,6,3,2022,2022-06-03
20210912,9,12,2021,2021-09-12
20190119,1,19,2019,2019-01-19
20181213,12,13,2018,2018-12-13
20200519,5,19,2020,2020-05-19
20180215,2,15,2018,2018-02-15
20180630,6,30,2018,2018-06-30
20180708,7,8,2018,2018-07-08
20190928,9,28,2019,2019-09-28
20220404,4,4,2022,2022-04-04
20180420,4,20,2018,2018-04-20
20181111,11,11,2018,2018-11-11
20201204,12,4,2020,2020-12-04
20210831,8,31,2021,2021-08-31
20201115,11,15,2020,2020-11-15
20210312,3,12,2021,2021-03-12
20191024,10,24,2019,2019-10-24
20210910,9,10,2021,2021-09-10
20191003,10,3,2019,2019-10-03
20220424,4,24,2022,2022-04-24
20220327,3,27,2022,2022-03-27
20190212,2,12,2019,2019-02-12
20181027,10,27,2018,2018-10-27
20200212,2,12,2020,2020-02-12
20191031,10,31,2019,2019-10-31
20190616,6,16,2019,2019-06-16
20201014,10,14,2020,2020-10-14
20210404,4,4,2021,2021-04-04
20200807,8,7,2020,2020-08-07
20180814,8,14,2018,2018-08-14
20181016,10,16,2018,2018-10-16
20210113,1,13,2021,2021-01-13
20180318,3,18,2018,2018-03-18
20191113,11,13,2019,2019-11-13
20220412,4,12,2022,2022-04-12
20220612,6,12,2022,2022-06-12
20200610,6,10,2020,2020-06-10
20190206,2,6,2019,2019-02-06
20191227,12,27,2019,2019-12-27
20201024,10,24,2020,2020-10-24
20190711,7,11,2019,2019-07-11
20210306,3,6,2021,2021-03-06
20190926,9,26,2019,2019-09-26
20200114,1,14,2020,2020-01-14
20180905,9,5,2018,2018-09-05
20190726,7,26,2019,2019-07-26
20210128,1,28,2021,2021-01-28
20200602,6,2,2020,2020-06-02
20220224,2,24,2022,2022-02-24
20190209,2,9,2019,2019-02-09
20180716,7,16,2018,2018-07-16
20211009,10,9,2021,2021-10-09
20180915,9,15,2018,2018-09-15
20181008,10,8,2018,2018-10-08
20180204,2,4,2018,2018-02-04
20180530,5,30,2018,2018-05-30
20181010,10,10,2018,2018-10-10
20220406,4,6,2022,2022-04-06
20210722,7,22,2021,2021-07-22
20220420,4,20,2022,2022-04-20
20200328,3,28,2020,2020-03-28
20220609,6,9,2022,2022-06-09
20190831,8,31,2019,2019-08-31
20211106,11,6,2021,2021-11-06
20220503,5,3,2022,2022-05-03
20220523,5,23,2022,2022-05-23
20180721,7,21,2018,2018-07-21
20210628,6,28,2021,2021-06-28
20200214,2,14,2020,2020-02-14
20181020,10,20,2018,2018-10-20
20180913,9,13,2018,2018-09-13
20210122,1,22,2021,2021-01-22
20180330,3,30,2018,2018-03-30
20210630,6,30,2021,2021-06-30
20180329,3,29,2018,2018-03-29
20220201,2,1,2022,2022-02-01
20220405,4,5,2022,2022-04-05
20210524,5,24,2021,2021-05-24
20200512,5,12,2020,2020-05-12
20191009,10,9,2019,2019-10-09
20200529,5,29,2020,2020-05-29
20220416,4,16,2022,2022-04-16
20210604,6,4,2021,2021-06-04
20200104,1,4,2020,2020-01-04
20211208,12,8,2021,2021-12-08
20211121,11,21,2021,2021-11-21
20191203,12,3,2019,2019-12-03
20190825,8,25,2019,2019-08-25
20200718,7,18,2020,2020-07-18
20220525,5,25,2022,2022-05-25
20190806,8,6,2019,2019-08-06
20210709,7,9,2021,2021-07-09
20220110,1,10,2022,2022-01-10
20210829,8,29,2021,2021-08-29
20210827,8,27,2021,2021-08-27
20211008,10,8,2021,2021-10-08
20180122,1,22,2018,2018-01-22
20200909,9,9,2020,2020-09-09
20190324,3,24,2019,2019-03-24
20210619,6,19,2021,2021-06-19
20201120,11,20,2020,2020-11-20
20200427,4,27,2020,2020-04-27
20220118,1,18,2022,2022-01-18
20210217,2,17,2021,2021-02-17
20220627,6,27,2022,2022-06-27
20180627,6,27,2018,2018-06-27
20180408,4,8,2018,2018-04-08
20180616,6,16,2018,2018-06-16
20210331,3,31,2021,2021-03-31
20190515,5,15,2019,2019-05-15
20180509,5,9,2018,2018-05-09
20180511,5,11,2018,2018-05-11
20200426,4,26,2020,2020-04-26
20210629,6,29,2021,2021-06-29
20190518,5,18,2019,2019-05-18
20200924,9,24,2020,2020-09-24
20190524,5,24,2019,2019-05-24
20210710,7,10,2021,2021-07-10
20210717,7,17,2021,2021-07-17
20190225,2,25,2019,2019-02-25
20180413,4,13,2018,2018-04-13
20191206,12,6,2019,2019-12-06
20210821,8,21,2021,2021-08-21
20180102,1,2,2018,2018-01-02
20210622,6,22,2021,2021-06-22
20210720,7,20,2021,2021-07-20
20220414,4,14,2022,2022-04-14
20190614,6,14,2019,2019-06-14
20190223,2,23,2019,2019-02-23
20200826,8,26,2020,2020-08-26
20200123,1,23,2020,2020-01-23
20190725,7,25,2019,2019-07-25
20191030,10,30,2019,2019-10-30
20200905,9,5,2020,2020-09-05
20200506,5,6,2020,2020-05-06
20180211,2,11,2018,2018-02-11
20210521,5,21,2021,2021-05-21
20200929,9,29,2020,2020-09-29
20220226,2,26,2022,2022-02-26
20191020,10,20,2019,2019-10-20
20191127,11,27,2019,2019-11-27
20200716,7,16,2020,2020-07-16
20190830,8,30,2019,2019-08-30
20210104,1,4,2021,2021-01-04
20180224,2,24,2018,2018-02-24
20210313,3,13,2021,2021-03-13
20220216,2,16,2022,2022-02-16
20180312,3,12,2018,2018-03-12
20191007,10,7,2019,2019-10-07
20190412,4,12,2019,2019-04-12
20210623,6,23,2021,2021-06-23
20220302,3,2,2022,2022-03-02
20191126,11,26,2019,2019-11-26
20200227,2,27,2020,2020-02-27
20180602,6,2,2018,2018-06-02
20200531,5,31,2020,2020-05-31
20200401,4,1,2020,2020-04-01
20220206,2,6,2022,2022-02-06
20210528,5,28,2021,2021-05-28
20210425,4,25,2021,2021-04-25
20190105,1,5,2019,2019-01-05
20201215,12,15,2020,2020-12-15
20201104,11,4,2020,2020-11-04
20190415,4,15,2019,2019-04-15
20220130,1,30,2022,2022-01-30
20200319,3,19,2020,2020-03-19
20210824,8,24,2021,2021-08-24
20201122,11,22,2020,2020-11-22
20201007,10,7,2020,2020-10-07
20190828,8,28,2019,2019-08-28
20220407,4,7,2022,2022-04-07
20200326,3,26,2020,2020-03-26
20200530,5,30,2020,2020-05-30
20180705,7,5,2018,2018-07-05
20191010,10,10,2019,2019-10-10
20200315,3,15,2020,2020-03-15
20210526,5,26,2021,2021-05-26
20200708,7,8,2020,2020-07-08
20180706,7,6,2018,2018-07-06
20180507,5,7,2018,2018-05-07
20200903,9,3,2020,2020-09-03
20220613,6,13,2022,2022-06-13
20200504,5,4,2020,2020-05-04
20190914,9,14,2019,2019-09-14
20201201,12,1,2020,2020-12-01
20180806,8,6,2018,2018-08-06
20210518,5,18,2021,2021-05-18
20220506,5,6,2022,2022-05-06
20210611,6,11,2021,2021-06-11
20200105,1,5,2020,2020-01-05
20210207,2,7,2021,2021-02-07
20190308,3,8,2019,2019-03-08
20190709,7,9,2019,2019-07-09
20210811,8,11,2021,2021-08-11
20200813,8,13,2020,2020-08-13
20190422,4,22,2019,2019-04-22
20190313,3,13,2019,2019-03-13
20210204,2,4,2021,2021-02-04
20180629,6,29,2018,2018-06-29
20200518,5,18,2020,2020-05-18
20210126,1,26,2021,2021-01-26
20210726,7,26,2021,2021-07-26
20210325,3,25,2021,2021-03-25
20190421,4,21,2019,2019-04-21
20191025,10,25,2019,2019-10-25
20190122,1,22,2019,2019-01-22
20200302,3,2,2020,2020-03-02
20190601,6,1,2019,2019-06-01
20200811,8,11,2020,2020-08-11
20211003,10,3,2021,2021-10-03
20190331,3,31,2019,2019-03-31
20220214,2,14,2022,2022-02-14
20190807,8,7,2019,2019-08-07
20220321,3,21,2022,2022-03-21
20211108,11,8,2021,2021-11-08
20211016,10,16,2021,2021-10-16
20201022,10,22,2020,2020-10-22
20201023,10,23,2020,2020-10-23
20190730,7,30,2019,2019-07-30
20210327,3,27,2021,2021-03-27
20180429,4,29,2018,2018-04-29
20180109,1,9,2018,2018-01-09
20181202,12,2,2018,2018-12-02
20190304,3,4,2019,2019-03-04
20191115,11,15,2019,2019-11-15
20181125,11,25,2018,2018-11-25
20210504,5,4,2021,2021-05-04
20190130,1,30,2019,2019-01-30
20181222,12,22,2018,2018-12-22
20210808,8,8,2021,2021-08-08
20181019,10,19,2018,2018-10-19
20201220,12,20,2020,2020-12-20
20180902,9,2,2018,2018-09-02
20200323,3,23,2020,2020-03-23
20210927,9,27,2021,2021-09-27
20201015,10,15,2020,2020-10-15
20201112,11,12,2020,2020-11-12
20220529,5,29,2022,2022-05-29
20191018,10,18,2019,2019-10-18
20200615,6,15,2020,2020-06-15
20191019,10,19,2019,2019-10-19
20200122,1,22,2020,2020-01-22
20210105,1,5,2021,2021-01-05
20200919,9,19,2020,2020-09-19
20190523,5,23,2019,2019-05-23
20220512,5,12,2022,2022-05-12
20200121,1,21,2020,2020-01-21
20210925,9,25,2021,2021-09-25
20200622,6,22,2020,2020-06-22
20210125,1,25,2021,2021-01-25
20201219,12,19,2020,2020-12-19
20191017,10,17,2019,2019-10-17
20220616,6,16,2022,2022-06-16
20191004,10,4,2019,2019-10-04
20190826,8,26,2019,2019-08-26
20190917,9,17,2019,2019-09-17
20190912,9,12,2019,2019-09-12
20210716,7,16,2021,2021-07-16
20201229,12,29,2020,2020-12-29
20211012,10,12,2021,2021-10-12
20180222,2,22,2018,2018-02-22
20180307,3,7,2018,2018-03-07
20191205,12,5,2019,2019-12-05
20220619,6,19,2022,2022-06-19
20191008,10,8,2019,2019-10-08
20180414,4,14,2018,2018-04-14
20210304,3,4,2021,2021-03-04
20190502,5,2,2019,2019-05-02
20190911,9,11,2019,2019-09-11
20181028,10,28,2018,2018-10-28
20180416,4,16,2018,2018-04-16
20200110,1,10,2020,2020-01-10
20211030,10,30,2021,2021-10-30
20220304,3,4,2022,2022-03-04
20220413,4,13,2022,2022-04-13
20181230,12,30,2018,2018-12-30
20190813,8,13,2019,2019-08-13
20181021,10,21,2018,2018-10-21
20191026,10,26,2019,2019-10-26
20180709,7,9,2018,2018-07-09
20200304,3,4,2020,2020-03-04
20210805,8,5,2021,2021-08-05
20191212,12,12,2019,2019-12-12
20180703,7,3,2018,2018-07-03
20200109,1,9,2020,2020-01-09
20210624,6,24,2021,2021-06-24
20180517,5,17,2018,2018-05-17
20181029,10,29,2018,2018-10-29
20181104,11,4,2018,2018-11-04
20200329,3,29,2020,2020-03-29
20190529,5,29,2019,2019-05-29
20180812,8,12,2018,2018-08-12
20180712,7,12,2018,2018-07-12
20200313,3,13,2020,2020-03-13
20220111,1,11,2022,2022-01-11
20180129,1,29,2018,2018-01-29
20200517,5,17,2020,2020-05-17
20200904,9,4,2020,2020-09-04
20180715,7,15,2018,2018-07-15
20210227,2,27,2021,2021-02-27
20180807,8,7,2018,2018-08-07
20200501,5,1,2020,2020-05-01
20201017,10,17,2020,2020-10-17
20190213,2,13,2019,2019-02-13
20220516,5,16,2022,2022-05-16
20210915,9,15,2021,2021-09-15
20190727,7,27,2019,2019-07-27
20200507,5,7,2020,2020-05-07
20220520,5,20,2022,2022-05-20
20180830,8,30,2018,2018-08-30
20210815,8,15,2021,2021-08-15
20220324,3,24,2022,2022-03-24
20180626,6,26,2018,2018-06-26
20190114,1,14,2019,2019-01-14
20200726,7,26,2020,2020-07-26
20200711,7,11,2020,2020-07-11
20181012,10,12,2018,2018-10-12
20180609,6,9,2018,2018-06-09
20210501,5,1,2021,2021-05-01
20220107,1,7,2022,2022-01-07
20210219,2,19,2021,2021-02-19
20210111,1,11,2021,2021-01-11
20200419,4,19,2020,2020-04-19
20180105,1,5,2018,2018-01-05
20220507,5,7,2022,2022-05-07
20200131,1,31,2020,2020-01-31
20200822,8,22,2020,2020-08-22
20191114,11,14,2019,2019-11-14
20210208,2,8,2021,2021-02-08
20191022,10,22,2019,2019-10-22
20191128,11,28,2019,2019-11-28
20200731,7,31,2020,2020-07-31
20200628,6,28,2020,2020-06-28
20200613,6,13,2020,2020-06-13
20200117,1,17,2020,2020-01-17
20190925,9,25,2019,2019-09-25
20210606,6,6,2021,2021-06-06
20210318,3,18,2021,2021-03-18
20190121,1,21,2019,2019-01-21
20190916,9,16,2019,2019-09-16
20180423,4,23,2018,2018-04-23
20190222,2,22,2019,2019-02-22
20200720,7,20,2020,2020-07-20
20180114,1,14,2018,2018-01-14
20200916,9,16,2020,2020-09-16
20181115,11,15,2018,2018-11-15
20180316,3,16,2018,2018-03-16
20211129,11,29,2021,2021-11-29
20180605,6,5,2018,2018-06-05
20190205,2,5,2019,2019-02-05
20190314,3,14,2019,2019-03-14
20220116,1,16,2022,2022-01-16
20180308,3,8,2018,2018-03-08
20190307,3,7,2019,2019-03-07
20201203,12,3,2020,2020-12-03
20180817,8,17,2018,2018-08-17
20190120,1,20,2019,2019-01-20
20210117,1,17,2021,2021-01-17
20200713,7,13,2020,2020-07-13
20180116,1,16,2018,2018-01-16
20210120,1,20,2021,2021-01-20
20211219,12,19,2021,2021-12-19
20191013,10,13,2019,2019-10-13
20211226,12,26,2021,2021-12-26
20190207,2,7,2019,2019-02-07
20211220,12,20,2021,2021-12-20
20220401,4,1,2022,2022-04-01
20190702,7,2,2019,2019-07-02
20180225,2,25,2018,2018-02-25
20200918,9,18,2020,2020-09-18
20200608,6,8,2020,2020-06-08
20220305,3,5,2022,2022-03-05
20210206,2,6,2021,2021-02-06
20181105,11,5,2018,2018-11-05
20211201,12,1,2021,2021-12-01
20180620,6,20,2018,2018-06-20
20211114,11,14,2021,2021-11-14
20180623,6,23,2018,2018-06-23
20220115,1,15,2022,2022-01-15
20180914,9,14,2018,2018-09-14
20200119,1,19,2020,2020-01-19
20191117,11,17,2019,2019-11-17
20210617,6,17,2021,2021-06-17
20200130,1,30,2020,2020-01-30
20181003,10,3,2018,2018-10-03
20180322,3,22,2018,2018-03-22
20190901,9,1,2019,2019-09-01
20200218,2,18,2020,2020-02-18
20200417,4,17,2020,2020-04-17
20180916,9,16,2018,2018-09-16
20181214,12,14,2018,2018-12-14
20210505,5,5,2021,2021-05-05
20181128,11,28,2018,2018-11-28
20210731,7,31,2021,2021-07-31
20210929,9,29,2021,2021-09-29
20220421,4,21,2022,2022-04-21
20190317,3,17,2019,2019-03-17
20200618,6,18,2020,2020-06-18
20180710,7,10,2018,2018-07-10
20190302,3,2,2019,2019-03-02
20190509,5,9,2019,2019-05-09
20180426,4,26,2018,2018-04-26
20220610,6,10,2022,2022-06-10
20191023,10,23,2019,2019-10-23
20200204,2,4,2020,2020-02-04
20200804,8,4,2020,2020-08-04
20180707,7,7,2018,2018-07-07
20200112,1,12,2020,2020-01-12
20220202,2,2,2022,2022-02-02
20210309,3,9,2021,2021-03-09
20220225,2,25,2022,2022-02-25
20211224,12,24,2021,2021-12-24
20191108,11,8,2019,2019-11-08
20210305,3,5,2021,2021-03-05
20200229,2,29,2020,2020-02-29
20180406,4,6,2018,2018-04-06
20210108,1,8,2021,2021-01-08
20210723,7,23,2021,2021-07-23
20211218,12,18,2021,2021-12-18
20181224,12,24,2018,2018-12-24
20211013,10,13,2021,2021-10-13
20190109,1,9,2019,2019-01-09
20180223,2,23,2018,2018-02-23
20180719,7,19,2018,2018-07-19
20220129,1,29,2022,2022-01-29
20190527,5,27,2019,2019-05-27
20180123,1,23,2018,2018-01-23
20200301,3,1,2020,2020-03-01
20200508,5,8,2020,2020-05-08
20211113,11,13,2021,2021-11-13
20181117,11,17,2018,2018-11-17
20190630,6,30,2019,2019-06-30
20200706,7,6,2020,2020-07-06
20190809,8,9,2019,2019-08-09
20200316,3,16,2020,2020-03-16
20190101,1,1,2019,2019-01-01
20180227,2,27,2018,2018-02-27
20181228,12,28,2018,2018-12-28
20191231,12,31,2019,2019-12-31
20200430,4,30,2020,2020-04-30
20181011,10,11,2018,2018-10-11
20190309,3,9,2019,2019-03-09
20200912,9,12,2020,2020-09-12
20181102,11,2,2018,2018-11-02
20190906,9,6,2019,2019-09-06
20210607,6,7,2021,2021-06-07
20190820,8,20,2019,2019-08-20
20220220,2,20,2022,2022-02-20
20190504,5,4,2019,2019-05-04
20190319,3,19,2019,2019-03-19
20190215,2,15,2019,2019-02-15
20200409,4,9,2020,2020-04-09
20210916,9,16,2021,2021-09-16
20180226,2,26,2018,2018-02-26
20210602,6,2,2021,2021-06-02
20211002,10,2,2021,2021-10-02
20210806,8,6,2021,2021-08-06
20211004,10,4,2021,2021-10-04
20211022,10,22,2021,2021-10-22
20201004,10,4,2020,2020-10-04
20191224,12,24,2019,2019-12-24
20211207,12,7,2021,2021-12-07
20190117,1,17,2019,2019-01-17
20200511,5,11,2020,2020-05-11
20191204,12,4,2019,2019-12-04
20201222,12,22,2020,2020-12-22
20211017,10,17,2021,2021-10-17
20200908,9,8,2020,2020-09-08
20200220,2,20,2020,2020-02-20
20210715,7,15,2021,2021-07-15
20190819,8,19,2019,2019-08-19
20181225,12,25,2018,2018-12-25
20210210,2,10,2021,2021-02-10
20180802,8,2,2018,2018-08-02
20210908,9,8,2021,2021-09-08
20180404,4,4,2018,2018-04-04
20220330,3,30,2022,2022-03-30
20220624,6,24,2022,2022-06-24
20201223,12,23,2020,2020-12-23
20210712,7,12,2021,2021-07-12
20190620,6,20,2019,2019-06-20
20190123,1,23,2019,2019-01-23
20190623,6,23,2019,2019-06-23
20210412,4,12,2021,2021-04-12
20201218,12,18,2020,2020-12-18
20200402,4,2,2020,2020-04-02
20191215,12,15,2019,2019-12-15
20201114,11,14,2020,2020-11-14
20200803,8,3,2020,2020-08-03
20190824,8,24,2019,2019-08-24
20220418,4,18,2022,2022-04-18
20220314,3,14,2022,2022-03-14
20220309,3,9,2022,2022-03-09
20181112,11,12,2018,2018-11-12
20180529,5,29,2018,2018-05-29
20210926,9,26,2021,2021-09-26
20210317,3,17,2021,2021-03-17
20180930,9,30,2018,2018-09-30
20210725,7,25,2021,2021-07-25
20220502,5,2,2022,2022-05-02
20200724,7,24,2020,2020-07-24
20190312,3,12,2019,2019-03-12
20180317,3,17,2018,2018-03-17
20220425,4,25,2022,2022-04-25
20200818,8,18,2020,2020-08-18
20220218,2,18,2022,2022-02-18
20200330,3,30,2020,2020-03-30
20200603,6,3,2020,2020-06-03
20180904,9,4,2018,2018-09-04
20200221,2,21,2020,2020-02-21
20190419,4,19,2019,2019-04-19
20181123,11,23,2018,2018-11-23
20190814,8,14,2019,2019-08-14
20201228,12,28,2020,2020-12-28
20190622,6,22,2019,2019-06-22
20200219,2,19,2020,2020-02-19
20180818,8,18,2018,2018-08-18
20210415,4,15,2021,2021-04-15
20190210,2,10,2019,2019-02-10
20210214,2,14,2021,2021-02-14
20190729,7,29,2019,2019-07-29
20200829,8,29,2020,2020-08-29
20181126,11,26,2018,2018-11-26
20180128,1,28,2018,2018-01-28
20210123,1,23,2021,2021-01-23
20210130,1,30,2021,2021-01-30
20200921,9,21,2020,2020-09-21
20191106,11,6,2019,2019-11-06
20190816,8,16,2019,2019-08-16
20180506,5,6,2018,2018-05-06
20200728,7,28,2020,2020-07-28
20200823,8,23,2020,2020-08-23
20191223,12,23,2019,2019-12-23
20201231,12,31,2020,2020-12-31
20191109,11,9,2019,2019-11-09
20190512,5,12,2019,2019-05-12
20220430,4,30,2022,2022-04-30
20180811,8,11,2018,2018-08-11
20200926,9,26,2020,2020-09-26
20190406,4,6,2019,2019-04-06
20201030,10,30,2020,2020-10-30
20200902,9,2,2020,2020-09-02
20191209,12,9,2019,2019-12-09
20190511,5,11,2019,2019-05-11
20210603,6,3,2021,2021-06-03
20180422,4,22,2018,2018-04-22
20190801,8,1,2019,2019-08-01
20190521,5,21,2019,2019-05-21
20201031,10,31,2020,2020-10-31
20211019,10,19,2021,2021-10-19
20190724,7,24,2019,2019-07-24
20180622,6,22,2018,2018-06-22
20200210,2,10,2020,2020-02-10
20180929,9,29,2018,2018-09-29
20190519,5,19,2019,2019-05-19
20210901,9,1,2021,2021-09-01
20220310,3,10,2022,2022-03-10
20180826,8,26,2018,2018-08-26
20181015,10,15,2018,2018-10-15
20210402,4,2,2021,2021-04-02
20191101,11,1,2019,2019-11-01
20220205,2,5,2022,2022-02-05
20210911,9,11,2021,2021-09-11
20211213,12,13,2021,2021-12-13
20180202,2,2,2018,2018-02-02
20220429,4,29,2022,2022-04-29
20220301,3,1,2022,2022-03-01
20211119,11,19,2021,2021-11-19
20180419,4,19,2018,2018-04-19
20190827,8,27,2019,2019-08-27
20190301,3,1,2019,2019-03-01
20190219,2,19,2019,2019-02-19
20211112,11,12,2021,2021-11-12
20190104,1,4,2019,2019-01-04
20180911,9,11,2018,2018-09-11
20180528,5,28,2018,2018-05-28
20190924,9,24,2019,2019-09-24
20200617,6,17,2020,2020-06-17
20200107,1,7,2020,2020-01-07
20200607,6,7,2020,2020-06-07
20190927,9,27,2019,2019-09-27
20180510,5,10,2018,2018-05-10
20200422,4,22,2020,2020-04-22
20210408,4,8,2021,2021-04-08
20201129,11,29,2020,2020-11-29
20191103,11,3,2019,2019-11-03
20190110,1,10,2019,2019-01-10
20200115,1,15,2020,2020-01-15
20190903,9,3,2019,2019-09-03
20190719,7,19,2019,2019-07-19
20210729,7,29,2021,2021-07-29
20190505,5,5,2019,2019-05-05
20191029,10,29,2019,2019-10-29
20200314,3,14,2020,2020-03-14
20180131,1,31,2018,2018-01-31
20190506,5,6,2019,2019-05-06
20181017,10,17,2018,2018-10-17
20180523,5,23,2018,2018-05-23
20191006,10,6,2019,2019-10-06
20201012,10,12,2020,2020-10-12
20180108,1,8,2018,2018-01-08
20210919,9,19,2021,2021-09-19
20200124,1,24,2020,2020-01-24
20200408,4,8,2020,2020-04-08
20191225,12,25,2019,2019-12-25
20181212,12,12,2018,2018-12-12
20211027,10,27,2021,2021-10-27
20220328,3,28,2022,2022-03-28
20210311,3,11,2021,2021-03-11
20180720,7,20,2018,2018-07-20
20190226,2,26,2019,2019-02-26
20201117,11,17,2020,2020-11-17
20180410,4,10,2018,2018-04-10
20201230,12,30,2020,2020-12-30
20191111,11,11,2019,2019-11-11
20180212,2,12,2018,2018-02-12
20200831,8,31,2020,2020-08-31
20190112,1,12,2019,2019-01-12
20190425,4,25,2019,2019-04-25
20190815,8,15,2019,2019-08-15
20220124,1,24,2022,2022-01-24
20200619,6,19,2020,2020-06-19
20210211,2,11,2021,2021-02-11
20181031,10,31,2018,2018-10-31
20190610,6,10,2019,2019-06-10
20210520,5,20,2021,2021-05-20
20200224,2,24,2020,2020-02-24
20190625,6,25,2019,2019-06-25
20200819,8,19,2020,2020-08-19
20210506,5,6,2021,2021-05-06
20220312,3,12,2022,2022-03-12
20201111,11,11,2020,2020-11-11
20220313,3,13,2022,2022-03-13
20180217,2,17,2018,2018-02-17
20210816,8,16,2021,2021-08-16
20190905,9,5,2019,2019-09-05
20190108,1,8,2019,2019-01-08
20190821,8,21,2019,2019-08-21
20180810,8,10,2018,2018-08-10
20200206,2,6,2020,2020-02-06
20190804,8,4,2019,2019-08-04
20200413,4,13,2020,2020-04-13
20200213,2,13,2020,2020-02-13
20201028,10,28,2020,2020-10-28
20200116,1,16,2020,2020-01-16
20211110,11,10,2021,2021-11-10
20180928,9,28,2018,2018-09-28
20210131,1,31,2021,2021-01-31
20191120,11,20,2019,2019-11-20
20190102,1,2,2019,2019-01-02
20201009,10,9,2020,2020-10-09
20190409,4,9,2019,2019-04-09
20180621,6,21,2018,2018-06-21
20180503,5,3,2018,2018-05-03
20190106,1,6,2019,2019-01-06
20190310,3,10,2019,2019-03-10
20200311,3,11,2020,2020-03-11
20210511,5,11,2021,2021-05-11
20200629,6,29,2020,2020-06-29
20200808,8,8,2020,2020-08-08
20180822,8,22,2018,2018-08-22
20220122,1,22,2022,2022-01-22
20210513,5,13,2021,2021-05-13
20210507,5,7,2021,2021-05-07
20200925,9,25,2020,2020-09-25
20190929,9,29,2019,2019-09-29
20190423,4,23,2019,2019-04-23
20181120,11,20,2018,2018-11-20
20190116,1,16,2019,2019-01-16
20220117,1,17,2022,2022-01-17
20211205,12,5,2021,2021-12-05
20200321,3,21,2020,2020-03-21
20180428,4,28,2018,2018-04-28
20210618,6,18,2021,2021-06-18
20190311,3,11,2019,2019-03-11
20190428,4,28,2019,2019-04-28
20210613,6,13,2021,2021-06-13
20200415,4,15,2020,2020-04-15
20200605,6,5,2020,2020-06-05
20201209,12,9,2020,2020-12-09
20200525,5,25,2020,2020-05-25
20200723,7,23,2020,2020-07-23
20210930,9,30,2021,2021-09-30
20210921,9,21,2021,2021-09-21
20220307,3,7,2022,2022-03-07
20191011,10,11,2019,2019-10-11
20210814,8,14,2021,2021-08-14
20181129,11,29,2018,2018-11-29
20210428,4,28,2021,2021-04-28
20200721,7,21,2020,2020-07-21
20220426,4,26,2022,2022-04-26
20200228,2,28,2020,2020-02-28
20190320,3,20,2019,2019-03-20
20181103,11,3,2018,2018-11-03
20211211,12,11,2021,2021-12-11
20210702,7,2,2021,2021-07-02
20180405,4,5,2018,2018-04-05
20220615,6,15,2022,2022-06-15
20220212,2,12,2022,2022-02-12
20220128,1,28,2022,2022-01-28
20210608,6,8,2021,2021-06-08
20190731,7,31,2019,2019-07-31
20211221,12,21,2021,2021-12-21
20210410,4,10,2021,2021-04-10
20180331,3,31,2018,2018-03-31
20211126,11,26,2021,2021-11-26
20211031,10,31,2021,2021-10-31
20190128,1,28,2019,2019-01-28
20190410,4,10,2019,2019-04-10
20201121,11,21,2020,2020-11-21
20211006,10,6,2021,2021-10-06
20220518,5,18,2022,2022-05-18
20190619,6,19,2019,2019-06-19
20200429,4,29,2020,2020-04-29
20180512,5,12,2018,2018-05-12
20210704,7,4,2021,2021-07-04
20180418,4,18,2018,2018-04-18
20210201,2,1,2021,2021-02-01
20200317,3,17,2020,2020-03-17
20190802,8,2,2019,2019-08-02
20211229,12,29,2021,2021-12-29
20190328,3,28,2019,2019-03-28
20181229,12,29,2018,2018-12-29
20180314,3,14,2018,2018-03-14
20201107,11,7,2020,2020-11-07
20180514,5,14,2018,2018-05-14
20190923,9,23,2019,2019-09-23
20201105,11,5,2020,2020-11-05
20211130,11,30,2021,2021-11-30
20190516,5,16,2019,2019-05-16
20210115,1,15,2021,2021-01-15
20191107,11,7,2019,2019-11-07
20180910,9,10,2018,2018-09-10
20180320,3,20,2018,2018-03-20
20181024,10,24,2018,2018-10-24
20210914,9,14,2021,2021-09-14
20181108,11,8,2018,2018-11-08
20211122,11,22,2021,2021-11-22
20220315,3,15,2022,2022-03-15
20210114,1,14,2021,2021-01-14
20200730,7,30,2020,2020-07-30
20180407,4,7,2018,2018-04-07
20190520,5,20,2019,2019-05-20
20200928,9,28,2020,2020-09-28
20210110,1,10,2021,2021-01-10
20220210,2,10,2022,2022-02-10
20200411,4,11,2020,2020-04-11
20190129,1,29,2019,2019-01-29
20201227,12,27,2020,2020-12-27
20210928,9,28,2021,2021-09-28
20191119,11,19,2019,2019-11-19
20181201,12,1,2018,2018-12-01
20181231,12,31,2018,2018-12-31
20180301,3,1,2018,2018-03-01
20220419,4,19,2022,2022-04-19
20190829,8,29,2019,2019-08-29
20220303,3,3,2022,2022-03-03
20180115,1,15,2018,2018-01-15
20180220,2,20,2018,2018-02-20
20190921,9,21,2019,2019-09-21
20210924,9,24,2021,2021-09-24
20181022,10,22,2018,2018-10-22
20190531,5,31,2019,2019-05-31
20200717,7,17,2020,2020-07-17
20201101,11,1,2020,2020-11-01
20200303,3,3,2020,2020-03-03
20200521,5,21,2020,2020-05-21
20190416,4,16,2019,2019-04-16
20190401,4,1,2019,2019-04-01
20200215,2,15,2020,2020-02-15
20200428,4,28,2020,2020-04-28
20191112,11,12,2019,2019-11-12
20190413,4,13,2019,2019-04-13
20210810,8,10,2021,2021-08-10
20200922,9,22,2020,2020-09-22
20220219,2,19,2022,2022-02-19
20211021,10,21,2021,2021-10-21
20210329,3,29,2021,2021-03-29
20180801,8,1,2018,2018-08-01
20210417,4,17,2021,2021-04-17
20200701,7,1,2020,2020-07-01
20201113,11,13,2020,2020-11-13
20190612,6,12,2019,2019-06-12
20210605,6,5,2021,2021-06-05
20180603,6,3,2018,2018-06-03
20180521,5,21,2018,2018-05-21
20200801,8,1,2020,2020-08-01
20200802,8,2,2020,2020-08-02
20210202,2,2,2021,2021-02-02
20180421,4,21,2018,2018-04-21
20190609,6,9,2019,2019-06-09
20220121,1,21,2022,2022-01-21
20201006,10,6,2020,2020-10-06
20180110,1,10,2018,2018-01-10
20190220,2,20,2019,2019-02-20
20210714,7,14,2021,2021-07-14
20200623,6,23,2020,2020-06-23
20190501,5,1,2019,2019-05-01
20181007,10,7,2018,2018-10-07
20180120,1,20,2018,2018-01-20
20180219,2,19,2018,2018-02-19
20191102,11,2,2019,2019-11-02
20180121,1,21,2018,2018-01-21
20191228,12,28,2019,2019-12-28
20201208,12,8,2020,2020-12-08
20190224,2,24,2019,2019-02-24
20190608,6,8,2019,2019-06-08
20200714,7,14,2020,2020-07-14
20220623,6,23,2022,2022-06-23
20210922,9,22,2021,2021-09-22
20190218,2,18,2019,2019-02-18
20190127,1,27,2019,2019-01-27
20201005,10,5,2020,2020-10-05
20200917,9,17,2020,2020-09-17
20190424,4,24,2019,2019-04-24
20210527,5,27,2021,2021-05-27
20210212,2,12,2021,2021-02-12
20190823,8,23,2019,2019-08-23
20181124,11,24,2018,2018-11-24
20201125,11,25,2020,2020-11-25
20180117,1,17,2018,2018-01-17
20210106,1,6,2021,2021-01-06
20210620,6,20,2021,2021-06-20
20191027,10,27,2019,2019-10-27
20191122,11,22,2019,2019-11-22
20211115,11,15,2021,2021-11-15
20220213,2,13,2022,2022-02-13
20220319,3,19,2022,2022-03-19
20190805,8,5,2019,2019-08-05
20201016,10,16,2020,2020-10-16
20201019,10,19,2020,2020-10-19
20180927,9,27,2018,2018-09-27
20210823,8,23,2021,2021-08-23
20190526,5,26,2019,2019-05-26
20201217,12,17,2020,2020-12-17
20200727,7,27,2020,2020-07-27
20200820,8,20,2020,2020-08-20
20180205,2,5,2018,2018-02-05
20190908,9,8,2019,2019-09-08
20200927,9,27,2020,2020-09-27
20210121,1,21,2021,2021-01-21
20180325,3,25,2018,2018-03-25
20180520,5,20,2018,2018-05-20
20220602,6,2,2022,2022-06-02
20220127,1,27,2022,2022-01-27
20210818,8,18,2021,2021-08-18
20210403,4,3,2021,2021-04-03
20180409,4,9,2018,2018-04-09
20210421,4,21,2021,2021-04-21
20180124,1,24,2018,2018-01-24
20211011,10,11,2021,2021-10-11
20210405,4,5,2021,2021-04-05
20181013,10,13,2018,2018-10-13
20201013,10,13,2020,2020-10-13
20211010,10,10,2021,2021-10-10
20191129,11,29,2019,2019-11-29
20210801,8,1,2021,2021-08-01
20200920,9,20,2020,2020-09-20
20181203,12,3,2018,2018-12-03
20200407,4,7,2020,2020-04-07
20210719,7,19,2021,2021-07-19
20210401,4,1,2021,2021-04-01
20210326,3,26,2021,2021-03-26
20210809,8,9,2021,2021-08-09
20190701,7,1,2019,2019-07-01
20180127,1,27,2018,2018-01-27
20211128,11,28,2021,2021-11-28
20180203,2,3,2018,2018-02-03
20210429,4,29,2021,2021-04-29
20180111,1,11,2018,2018-01-11
20180610,6,10,2018,2018-06-10
20180103,1,3,2018,2018-01-03
20210516,5,16,2021,2021-05-16
20181116,11,16,2018,2018-11-16
20210621,6,21,2021,2021-06-21
20190722,7,22,2019,2019-07-22
20210406,4,6,2021,2021-04-06
20210316,3,16,2021,2021-03-16
20200806,8,6,2020,2020-08-06
20180701,7,1,2018,2018-07-01
20210102,1,2,2021,2021-01-02
20210419,4,19,2021,2021-04-19
20180209,2,9,2018,2018-02-09
20190621,6,21,2019,2019-06-21
20180724,7,24,2018,2018-07-24
20200616,6,16,2020,2020-06-16
20200725,7,25,2020,2020-07-25
20190228,2,28,2019,2019-02-28
20210411,4,11,2021,2021-04-11
20220221,2,21,2022,2022-02-21
20211117,11,17,2021,2021-11-17
20210920,9,20,2021,2021-09-20
20220601,6,1,2022,2022-06-01
20220514,5,14,2022,2022-05-14
20210330,3,30,2021,2021-03-30
20210701,7,1,2021,2021-07-01
20180729,7,29,2018,2018-07-29
20220611,6,11,2022,2022-06-11
20220605,6,5,2022,2022-06-05
20210422,4,22,2021,2021-04-22
20180424,4,24,2018,2018-04-24
20180725,7,25,2018,2018-07-25
20191219,12,19,2019,2019-12-19
20220629,6,29,2022,2022-06-29
20211210,12,10,2021,2021-12-10
20220120,1,20,2022,2022-01-20
20200306,3,6,2020,2020-03-06
20180613,6,13,2018,2018-06-13
20220528,5,28,2022,2022-05-28
20200208,2,8,2020,2020-02-08
20190713,7,13,2019,2019-07-13
20180210,2,10,2018,2018-02-10
20211102,11,2,2021,2021-11-02
20220530,5,30,2022,2022-05-30
20180130,1,30,2018,2018-01-30
20180319,3,19,2018,2018-03-19
20180819,8,19,2018,2018-08-19
20200217,2,17,2020,2020-02-17
20180619,6,19,2018,2018-06-19
20220322,3,22,2022,2022-03-22
20190414,4,14,2019,2019-04-14
20180726,7,26,2018,2018-07-26
20210610,6,10,2021,2021-06-10
20190603,6,3,2019,2019-06-03
20190615,6,15,2019,2019-06-15
20180906,9,6,2018,2018-09-06
20201127,11,27,2020,2020-11-27
20190624,6,24,2019,2019-06-24
20220702,7,2,2022,2022-07-02
20190810,8,10,2019,2019-08-10
20190408,4,8,2019,2019-04-08
20190208,2,8,2019,2019-02-08
20191014,10,14,2019,2019-10-14
20180213,2,13,2018,2018-02-13
20180516,5,16,2018,2018-05-16
20190913,9,13,2019,2019-09-13
20200310,3,10,2020,2020-03-10
20190716,7,16,2019,2019-07-16
20200120,1,20,2020,2020-01-20
20200719,7,19,2020,2020-07-19
20190930,9,30,2019,2019-09-30
20211023,10,23,2021,2021-10-23
20201124,11,24,2020,2020-11-24
20200505,5,5,2020,2020-05-05
20180214,2,14,2018,2018-02-14
20210407,4,7,2021,2021-04-07
20220423,4,23,2022,2022-04-23
20180907,9,7,2018,2018-09-07
20190712,7,12,2019,2019-07-12
20220608,6,8,2022,2022-06-08
20210129,1,29,2021,2021-01-29
20200812,8,12,2020,2020-08-12
20180827,8,27,2018,2018-08-27
20201205,12,5,2020,2020-12-05
20220318,3,18,2022,2022-03-18
20200320,3,20,2020,2020-03-20
20200704,7,4,2020,2020-07-04
20210812,8,12,2021,2021-08-12
20190429,4,29,2019,2019-04-29
20180323,3,23,2018,2018-03-23
20180617,6,17,2018,2018-06-17
20190201,2,1,2019,2019-02-01
20190629,6,29,2019,2019-06-29
20200421,4,21,2020,2020-04-21
20180324,3,24,2018,2018-03-24
20210904,9,4,2021,2021-09-04
20190503,5,3,2019,2019-05-03
20190118,1,18,2019,2019-01-18
20210423,4,23,2021,2021-04-23
20181025,10,25,2018,2018-10-25
20200309,3,9,2020,2020-03-09
20210118,1,18,2021,2021-01-18
20220427,4,27,2022,2022-04-27
20211206,12,6,2021,2021-12-06
20200128,1,28,2020,2020-01-28
20180501,5,1,2018,2018-05-01
20210616,6,16,2021,2021-06-16
20220207,2,7,2022,2022-02-07
20211024,10,24,2021,2021-10-24
20190627,6,27,2019,2019-06-27
20181030,10,30,2018,2018-10-30
20200405,4,5,2020,2020-04-05
20190909,9,9,2019,2019-09-09
20190327,3,27,2019,2019-03-27
20181009,10,9,2018,2018-10-09
20200404,4,4,2020,2020-04-04
20200527,5,27,2020,2020-05-27
20201010,10,10,2020,2020-10-10
20180527,5,27,2018,2018-05-27
20220114,1,14,2022,2022-01-14
20190617,6,17,2019,2019-06-17
20210416,4,16,2021,2021-04-16
20190508,5,8,2019,2019-05-08
20200609,6,9,2020,2020-06-09
20220125,1,25,2022,2022-01-25
20190613,6,13,2019,2019-06-13
20211020,10,20,2021,2021-10-20
20180803,8,3,2018,2018-08-03
20210502,5,2,2021,2021-05-02
20180926,9,26,2018,2018-09-26
20200901,9,1,2020,2020-09-01
20201108,11,8,2020,2020-11-08
20180201,2,1,2018,2018-02-01
20220104,1,4,2022,2022-01-04
20210314,3,14,2021,2021-03-14
20210707,7,7,2021,2021-07-07
20210321,3,21,2021,2021-03-21
20200809,8,9,2020,2020-08-09
20180327,3,27,2018,2018-03-27
20180306,3,6,2018,2018-03-06
20191201,12,1,2019,2019-12-01
20200513,5,13,2020,2020-05-13
20211025,10,25,2021,2021-10-25
20220131,1,31,2022,2022-01-31
20210426,4,26,2021,2021-04-26
20220223,2,23,2022,2022-02-23
20220228,2,28,2022,2022-02-28
20220704,7,4,2022,2022-07-04
20191001,10,1,2019,2019-10-01
20210708,7,8,2021,2021-07-08
20210323,3,23,2021,2021-03-23
20200524,5,24,2020,2020-05-24
20211026,10,26,2021,2021-10-26
20220119,1,19,2022,2022-01-19
20180820,8,20,2018,2018-08-20
20190530,5,30,2019,2019-05-30
20180112,1,12,2018,2018-01-12
20200606,6,6,2020,2020-06-06
20190330,3,30,2019,2019-03-30
20190704,7,4,2019,2019-07-04
20210310,3,10,2021,2021-03-10
20210601,6,1,2021,2021-06-01
20211215,12,15,2021,2021-12-15
20191211,12,11,2019,2019-12-11
20220524,5,24,2022,2022-05-24
20220108,1,8,2022,2022-01-08
20201216,12,16,2020,2020-12-16
20220415,4,15,2022,2022-04-15
20220522,5,22,2022,2022-05-22
20200318,3,18,2020,2020-03-18
20220604,6,4,2022,2022-06-04
20201029,10,29,2020,2020-10-29
20210525,5,25,2021,2021-05-25
20210508,5,8,2021,2021-05-08
20180614,6,14,2018,2018-06-14
20180415,4,15,2018,2018-04-15
20210509,5,9,2021,2021-05-09
20180831,8,31,2018,2018-08-31
20200503,5,3,2020,2020-05-03
20181109,11,9,2018,2018-11-09
20180918,9,18,2018,2018-09-18
20181110,11,10,2018,2018-11-10
20180401,4,1,2018,2018-04-01
20180730,7,30,2018,2018-07-30
20210222,2,22,2021,2021-02-22
20210918,9,18,2021,2021-09-18
20220509,5,9,2022,2022-05-09
20211103,11,3,2021,2021-11-03
20190125,1,25,2019,2019-01-25
20210103,1,3,2021,2021-01-03
20190607,6,7,2019,2019-06-07
20190407,4,7,2019,2019-04-07
20180504,5,4,2018,2018-05-04
